axis,dir,deg,us,adc_mean,adc_min,adc_max,adc_sd,mv
AZ,UP,60.0,1133,1300.20,1257,1346,19.78,1212
AZ,UP,62.0,1154,1321.47,1285,1362,16.72,1222
AZ,UP,64.0,1176,1354.16,1325,1443,18.52,1251
AZ,UP,66.0,1197,1381.61,1344,1421,15.53,1277
AZ,UP,68.0,1218,1412.53,1374,1472,17.82,1302
AZ,UP,70.0,1239,1449.16,1403,1498,20.96,1334
AZ,UP,72.0,1260,1473.42,1408,1522,16.52,1354
AZ,UP,74.0,1281,1506.31,1473,1570,20.29,1377
AZ,UP,76.0,1302,1540.55,1477,1599,20.56,1403
AZ,UP,78.0,1323,1582.69,1535,1649,18.69,1435
AZ,UP,80.0,1344,1612.86,1575,1663,17.25,1463
AZ,UP,82.0,1366,1644.56,1604,1680,15.03,1494
AZ,UP,84.0,1387,1723.38,1692,1763,16.35,1558
AZ,UP,86.0,1408,1741.48,1698,1791,17.75,1575
AZ,UP,88.0,1429,1776.27,1686,1840,24.25,1602
AZ,UP,90.0,1450,1808.47,1754,1856,19.32,1624
AZ,UP,92.0,1471,1854.27,1822,1904,18.19,1664
AZ,UP,94.0,1492,1871.61,1831,1908,14.70,1683
AZ,UP,96.0,1513,1904.94,1860,1959,19.52,1706
AZ,UP,98.0,1534,1933.45,1874,2018,19.84,1729
AZ,UP,100.0,1556,1959.67,1893,2007,18.86,1748
AZ,UP,102.0,1577,1999.50,1962,2096,24.11,1782
AZ,UP,104.0,1598,2028.56,1965,2170,26.91,1805
AZ,UP,106.0,1619,2054.69,2016,2103,21.31,1831
AZ,UP,108.0,1640,2096.72,2047,2135,16.76,1861
AZ,UP,110.0,1661,2157.31,2113,2213,18.09,1914
AZ,UP,112.0,1682,2187.30,2150,2230,16.36,1934
AZ,UP,114.0,1703,2217.19,2182,2257,17.22,1965
AZ,UP,116.0,1724,2251.50,2198,2301,21.01,1990
AZ,UP,118.0,1746,2283.39,2235,2352,19.21,2017
AZ,UP,120.0,1767,2319.11,2282,2359,18.16,2045
AZ,UP,122.0,1788,2351.02,2320,2388,16.80,2071
AZ,UP,124.0,1809,2381.59,2352,2423,16.80,2097
AZ,UP,126.0,1830,2411.03,2385,2446,16.02,2121
AZ,UP,128.0,1851,2443.14,2373,2489,23.12,2150
AZ,UP,130.0,1872,2479.00,2435,2525,18.95,2175
AZ,UP,132.0,1893,2509.84,2471,2559,17.30,2206
AZ,UP,134.0,1914,2543.28,2511,2601,18.45,2225
AZ,UP,136.0,1936,2606.44,2559,2662,22.14,2280
AZ,UP,138.0,1957,2645.53,2612,2698,20.77,2313
AZ,UP,140.0,1978,2677.34,2633,2730,22.45,2344
AZ,UP,142.0,1999,2707.80,2675,2749,16.27,2373
AZ,UP,144.0,2020,2739.36,2706,2775,17.16,2387
AZ,UP,146.0,2041,2778.59,2736,2820,17.06,2420
AZ,UP,148.0,2062,2811.27,2769,2847,18.33,2452
AZ,UP,150.0,2083,2844.67,2807,2917,23.32,2480
AZ,UP,152.0,2104,2882.52,2834,3055,31.30,2505
AZ,UP,154.0,2126,2920.55,2878,2969,21.98,2534
AZ,UP,156.0,2147,2955.56,2897,3025,24.84,2550
AZ,UP,158.0,2168,3031.55,2987,3097,25.35,2605
AZ,UP,160.0,2189,3071.09,3015,3140,26.52,2629
AZ,UP,162.0,2210,3114.53,2994,3202,30.21,2663
AZ,UP,164.0,2231,3156.38,3071,3227,32.25,2688
AZ,UP,166.0,2252,3206.97,3157,3258,26.81,2713
AZ,UP,168.0,2273,3244.56,3205,3438,34.05,2737
AZ,UP,170.0,2294,3291.84,3226,3366,31.69,2766
AZ,UP,172.0,2316,3335.25,3278,3411,30.74,2789
AZ,UP,174.0,2337,3384.67,3315,3468,32.42,2818
AZ,UP,176.0,2358,3436.64,3373,3539,32.30,2846
AZ,UP,178.0,2379,3488.56,3410,3568,29.59,2873
AZ,UP,180.0,2400,3528.58,3475,3614,33.51,2898
AZ,DN,180.0,2400,3546.02,3458,3632,35.48,2906
AZ,DN,178.0,2379,3532.11,3485,3610,28.32,2898
AZ,DN,176.0,2358,3481.55,3359,3559,38.28,2871
AZ,DN,174.0,2337,3432.75,3369,3498,25.96,2848
AZ,DN,172.0,2316,3375.97,3325,3446,24.88,2823
AZ,DN,170.0,2294,3328.58,3239,3392,28.04,2791
AZ,DN,168.0,2273,3274.20,3214,3319,21.34,2756
AZ,DN,166.0,2252,3215.81,3147,3376,31.08,2720
AZ,DN,164.0,2231,3185.34,3142,3249,21.39,2706
AZ,DN,162.0,2210,3140.59,3095,3183,21.57,2676
AZ,DN,160.0,2189,3096.64,3058,3158,19.71,2655
AZ,DN,158.0,2168,3063.41,3007,3132,24.86,2628
AZ,DN,156.0,2147,2981.89,2947,3047,19.16,2570
AZ,DN,154.0,2126,2959.55,2925,3009,18.84,2554
AZ,DN,152.0,2104,2908.34,2864,3071,27.05,2526
AZ,DN,150.0,2083,2881.88,2841,2935,20.26,2504
AZ,DN,148.0,2062,2843.11,2810,2915,20.16,2480
AZ,DN,146.0,2041,2807.47,2773,2861,18.19,2448
AZ,DN,144.0,2020,2786.67,2736,2901,26.61,2431
AZ,DN,142.0,1999,2752.23,2688,2794,21.77,2404
AZ,DN,140.0,1978,2718.22,2681,2757,17.51,2374
AZ,DN,138.0,1957,2680.44,2646,2738,16.56,2346
AZ,DN,136.0,1936,2644.81,2606,2706,20.30,2313
AZ,DN,134.0,1914,2574.50,2534,2630,23.31,2259
AZ,DN,132.0,1893,2545.48,2505,2594,19.46,2229
AZ,DN,130.0,1872,2511.72,2467,2553,19.14,2204
AZ,DN,128.0,1851,2478.12,2439,2530,16.38,2176
AZ,DN,126.0,1830,2451.00,2420,2496,16.70,2153
AZ,DN,124.0,1809,2408.94,2381,2448,15.65,2122
AZ,DN,122.0,1788,2390.28,2362,2443,17.73,2107
AZ,DN,120.0,1767,2351.27,2315,2394,19.92,2070
AZ,DN,118.0,1746,2325.75,2217,2432,29.09,2049
AZ,DN,116.0,1724,2291.64,2237,2331,18.58,2022
AZ,DN,114.0,1703,2260.91,2223,2306,16.57,2000
AZ,DN,112.0,1682,2227.36,2195,2343,21.21,1971
AZ,DN,110.0,1661,2199.94,2122,2251,19.25,1946
AZ,DN,108.0,1640,2144.92,2107,2288,27.54,1901
AZ,DN,106.0,1619,2112.53,2058,2231,28.81,1868
AZ,DN,104.0,1598,2069.91,2034,2108,17.47,1843
AZ,DN,102.0,1577,2032.33,1986,2078,20.30,1808
AZ,DN,100.0,1556,2002.17,1965,2069,21.27,1781
AZ,DN,98.0,1534,1972.08,1936,2018,16.20,1762
AZ,DN,96.0,1513,1941.89,1901,1999,19.86,1739
AZ,DN,94.0,1492,1908.34,1855,1957,21.08,1711
AZ,DN,92.0,1471,1878.64,1839,1930,20.57,1684
AZ,DN,90.0,1450,1842.89,1798,1900,19.11,1651
AZ,DN,88.0,1429,1807.25,1745,1845,19.26,1631
AZ,DN,86.0,1408,1781.73,1743,1837,21.25,1604
AZ,DN,84.0,1387,1750.25,1718,1808,19.66,1580
AZ,DN,82.0,1366,1686.59,1648,1723,20.24,1529
AZ,DN,80.0,1344,1646.03,1584,1691,17.43,1497
AZ,DN,78.0,1323,1625.55,1593,1669,18.11,1471
AZ,DN,76.0,1302,1588.12,1535,1647,21.39,1450
AZ,DN,74.0,1281,1554.84,1519,1618,24.75,1423
AZ,DN,72.0,1260,1524.39,1492,1581,18.64,1394
AZ,DN,70.0,1239,1493.98,1459,1565,20.17,1366
AZ,DN,68.0,1218,1467.25,1434,1575,22.60,1342
AZ,DN,66.0,1197,1423.27,1380,1479,20.43,1314
AZ,DN,64.0,1176,1400.58,1287,1520,27.07,1290
AZ,DN,62.0,1154,1371.16,1324,1423,19.74,1269
AZ,DN,60.0,1133,1341.00,1296,1424,25.21,1244
EL,UP,100.0,1556,1981.72,1936,2035,18.86,1766
EL,UP,102.0,1577,2012.64,1975,2063,14.97,1799
EL,UP,104.0,1598,2041.72,2009,2079,16.47,1821
EL,UP,106.0,1619,2082.86,2047,2125,17.53,1851
EL,UP,108.0,1640,2111.70,2035,2160,20.79,1879
EL,UP,110.0,1661,2178.02,2128,2240,19.27,1930
EL,UP,112.0,1682,2211.05,2176,2256,18.27,1957
EL,UP,114.0,1703,2245.00,2208,2287,19.77,1985
EL,UP,116.0,1724,2272.17,2233,2310,16.46,2010
EL,UP,118.0,1746,2306.55,2198,2358,22.90,2036
EL,UP,120.0,1767,2337.75,2294,2384,18.23,2061
EL,UP,122.0,1788,2374.02,2347,2443,18.74,2089
EL,UP,124.0,1809,2402.42,2352,2448,17.62,2115
EL,UP,126.0,1830,2437.80,2387,2487,19.73,2138
EL,UP,128.0,1851,2470.42,2421,2518,17.96,2170
EL,UP,130.0,1872,2504.38,2474,2559,15.51,2196
EL,UP,132.0,1893,2541.45,2512,2621,23.10,2223
EL,UP,134.0,1914,2570.05,2542,2624,21.20,2247
EL,UP,136.0,1936,2637.56,2514,2691,26.64,2309
EL,UP,138.0,1957,2672.78,2626,2726,22.03,2337
EL,UP,140.0,1978,2705.11,2666,2761,19.81,2364
EL,UP,142.0,1999,2738.48,2699,2800,19.96,2398
EL,UP,144.0,2020,2776.59,2732,2826,22.07,2414
EL,UP,146.0,2041,2810.88,2719,2859,24.14,2453
EL,UP,148.0,2062,2847.92,2799,2930,20.87,2480
EL,UP,150.0,2083,2888.09,2837,2935,22.22,2504
EL,UP,152.0,2104,2919.48,2883,2966,17.90,2533
EL,UP,154.0,2126,2954.33,2899,3017,25.03,2551
EL,UP,156.0,2147,2987.89,2833,3039,27.59,2577
EL,UP,158.0,2168,3073.03,3029,3129,20.68,2632
EL,UP,160.0,2189,3116.66,3024,3166,24.27,2663
EL,UP,162.0,2210,3163.00,3036,3248,34.43,2689
EL,UP,164.0,2231,3199.70,3157,3264,22.91,2713
EL,UP,166.0,2252,3245.91,3184,3306,27.43,2740
EL,UP,168.0,2273,3286.62,3238,3363,25.29,2764
EL,UP,170.0,2294,3342.48,3293,3437,29.30,2795
EL,DN,170.0,2294,3382.12,3334,3445,27.29,2814
EL,DN,168.0,2273,3326.73,3263,3401,26.17,2789
EL,DN,166.0,2252,3289.12,3226,3355,27.52,2762
EL,DN,164.0,2231,3231.88,3170,3300,22.55,2734
EL,DN,162.0,2210,3200.80,3150,3263,25.10,2715
EL,DN,160.0,2189,3164.34,3117,3238,23.92,2692
EL,DN,158.0,2168,3116.36,3039,3179,25.91,2664
EL,DN,156.0,2147,3043.31,2998,3115,23.49,2610
EL,DN,154.0,2126,3000.67,2915,3165,33.58,2583
EL,DN,152.0,2104,2965.44,2881,3030,25.89,2561
EL,DN,150.0,2083,2925.78,2848,3059,31.88,2539
EL,DN,148.0,2062,2890.23,2839,2943,24.05,2512
EL,DN,146.0,2041,2851.50,2807,2902,20.05,2482
EL,DN,144.0,2020,2814.09,2736,2864,22.54,2454
EL,DN,142.0,1999,2786.77,2751,2837,19.19,2425
EL,DN,140.0,1978,2753.94,2723,2803,17.27,2410
EL,DN,138.0,1957,2717.16,2672,2763,20.33,2375
EL,DN,136.0,1936,2685.22,2624,2737,18.58,2350
EL,DN,134.0,1914,2616.72,2559,2704,21.49,2291
EL,DN,132.0,1893,2583.30,2521,2637,27.00,2261
EL,DN,130.0,1872,2549.53,2486,2718,27.16,2232
EL,DN,128.0,1851,2515.48,2471,2559,21.05,2209
EL,DN,126.0,1830,2480.69,2432,2541,20.00,2179
EL,DN,124.0,1809,2450.14,2367,2497,20.44,2151
EL,DN,122.0,1788,2416.70,2384,2450,16.34,2122
EL,DN,120.0,1767,2380.36,2351,2432,18.01,2095
EL,DN,118.0,1746,2343.34,2304,2400,19.59,2068
EL,DN,116.0,1724,2308.28,2224,2358,20.57,2039
EL,DN,114.0,1703,2280.48,2247,2347,19.36,2010
EL,DN,112.0,1682,2256.81,2224,2301,19.15,1994
EL,DN,110.0,1661,2220.22,2166,2272,21.22,1966
EL,DN,108.0,1640,2161.05,2112,2220,19.76,1914
EL,DN,106.0,1619,2131.78,2087,2179,19.60,1890
EL,DN,104.0,1598,2098.14,2063,2154,19.58,1865
EL,DN,102.0,1577,2069.08,2006,2128,23.87,1838
EL,DN,100.0,1556,2035.78,1983,2087,21.92,1809
